pre,post,cleft_score,pre_x,pre_y,pre_z,post_x,post_y,post_z,id,pre_name,post_name
720575940622831740,720575940631221303,88,326252,278432,253680,326276,278584,253720,74797100,VS3_L,VS2_L
720575940622831740,720575940622361270,138,483132,270344,205080,483284,270240,205080,30882515,VS3_L,MOS_L
720575940622831740,720575940631221303,141,324852,275944,255600,324732,275980,255600,81266950,VS3_L,VS2_L
720575940622831740,720575940631221303,149,325696,278800,254680,325628,278932,254640,74797308,VS3_L,VS2_L
720575940629148007,720575940610381525,138,613684,292708,190720,613540,292616,190720,62225802,HSE_R,MOT_R
720575940629153020,720575940618519710,152,447816,290416,207120,447728,290504,207120,129866241,HSE_L,MOT_L
720575940630367131,720575940610381525,138,583276,284144,173360,583240,284248,173400,112788324,HSN_R,MOT_R
720575940622168052,720575940610381525,69,611620,289576,200960,611692,289728,200920,169359517,MOS_R,MOT_R
720575940630367131,720575940622168052,145,596096,294776,189280,596000,294740,189240,173644761,HSN_R,MOS_R
720575940622831740,720575940631221303,140,487776,245080,195040,487768,245068,195000,58900634,VS3_L,VS2_L
720575940629148007,720575940610381525,143,611748,302488,190080,611756,302588,190080,62090263,HSE_R,MOT_R
720575940630367131,720575940610381525,145,613052,300820,192680,613128,300880,192720,58086840,HSN_R,MOT_R
720575940622831740,720575940622361270,139,482960,270028,205000,483104,270048,205000,30927990,VS3_L,MOS_L
720575940630367131,720575940610381525,149,598432,297024,191400,598556,297024,191400,61877960,HSN_R,MOT_R
720575940622168052,720575940610381525,70,599844,278840,185520,599808,278916,185560,185287850,MOS_R,MOT_R
720575940622831740,720575940631221303,145,325104,276584,254800,325008,276520,254840,74671837,VS3_L,VS2_L
720575940641812699,720575940622168052,70,586008,250192,192760,585964,250292,192760,58329026,VS3_R,MOS_R
720575940622831740,720575940622361270,94,494680,231212,188440,494608,231128,188440,174368997,VS3_L,MOS_L
720575940641812699,720575940622168052,146,586264,250348,192880,586148,250364,192880,58287385,VS3_R,MOS_R
720575940622312965,720575940618519710,141,445932,288336,204400,445800,288340,204400,149309093,HSS_L,MOT_L
720575940631221303,720575940622361270,95,481596,235136,191240,481680,235164,191320,62005047,VS2_L,MOS_L
720575940631221303,720575940622361270,142,484976,235176,194720,484912,235080,194760,194900702,VS2_L,MOS_L
720575940631221303,720575940622361270,131,485544,270748,205520,485648,270740,205560,30882552,VS2_L,MOS_L
720575940622831740,720575940631221303,148,326248,278276,253480,326112,278264,253440,118254540,VS3_L,VS2_L
720575940622831740,720575940631221303,145,325888,278828,254640,325872,278984,254640,74797309,VS3_L,VS2_L
720575940623650684,720575940631221303,138,314528,189576,248680,314492,189744,248680,49379621,VS4_L,VS2_L
720575940622831740,720575940631221303,143,303144,239652,258720,303236,239768,258720,225062465,VS3_L,VS2_L
720575940630367131,720575940610381525,57,600536,276416,193240,600608,276504,193240,195807173,HSN_R,MOT_R
720575940630367131,720575940622168052,140,587548,279272,184360,587532,279140,184320,166156697,HSN_R,MOS_R
720575940622831740,720575940622361270,145,472040,250320,203880,472004,250464,203880,149132388,VS3_L,MOS_L
720575940630367131,720575940608023497,170,702608,242308,224200,702736,242380,224200,99934329,HSN_R,VS1_R
720575940630367131,720575940622168052,139,587980,278100,187280,587852,278076,187240,67386093,HSN_R,MOS_R
720575940622312965,720575940618519710,163,444856,276156,202320,444848,276276,202360,186963156,HSS_L,MOT_L
720575940608023497,720575940625565448,67,739716,297224,213440,739812,297248,213480,139994708,VS1_R,VS2_R
720575940625565448,720575940608023497,80,719800,226516,221080,719720,226484,221080,234935999,VS2_R,VS1_R
720575940641812699,720575940622168052,140,578840,268988,196040,578964,269080,196080,60768675,VS3_R,MOS_R
720575940618519710,720575940622361270,57,452572,241384,207000,452592,241380,207040,130280332,MOT_L,MOS_L
720575940622361270,720575940618519710,68,469892,257260,189440,469888,257360,189480,175519910,MOS_L,MOT_L
720575940622831740,720575940631221303,75,327024,278448,253320,327112,278552,253320,118254514,VS3_L,VS2_L
720575940631221303,720575940622361270,90,485056,235204,194360,484944,235096,194360,194900671,VS2_L,MOS_L
720575940632950585,720575940622168052,109,605384,304276,188320,605252,304312,188200,173837657,HSS_R,MOS_R
720575940632950585,720575940622168052,143,604696,303304,188680,604608,303240,188680,173835579,HSS_R,MOS_R
720575940641812699,720575940622168052,139,591316,253060,195240,591276,253160,195240,60946852,VS3_R,MOS_R
720575940629148007,720575940610381525,64,610712,302368,189600,610852,302372,189600,173836369,HSE_R,MOT_R
720575940629148007,720575940610381525,135,614636,289748,190000,614508,289664,190000,61724798,HSE_R,MOT_R
720575940629148007,720575940610381525,141,619088,276152,192040,619020,276152,192040,57592993,HSE_R,MOT_R
720575940630367131,720575940622168052,129,586704,280592,181680,586672,280484,181680,156641441,HSN_R,MOS_R
720575940632950585,720575940610381525,57,627360,287716,185400,627504,287744,185400,185461502,HSS_R,MOT_R
720575940608023497,720575940641812699,135,726696,306904,211800,726672,306828,211800,198337265,VS1_R,VS3_R
720575940625565448,720575940608023497,57,631096,257820,210240,631168,257900,210240,66003065,VS2_R,VS1_R
720575940630367131,720575940610381525,108,597416,301844,194840,597500,301712,194880,196298902,HSN_R,MOT_R
720575940630367131,720575940610381525,88,605504,270824,201600,605512,270868,201520,170108731,HSN_R,MOT_R
720575940610381525,720575940622168052,79,616828,283672,201480,616760,283680,201480,169457035,MOT_R,MOS_R
720575940632950585,720575940610381525,66,629696,269296,188640,629752,269192,188600,174279564,HSS_R,MOT_R
720575940632950585,720575940610381525,123,622964,272120,183640,623024,272224,183600,165291479,HSS_R,MOT_R
720575940610381525,720575940622168052,53,586144,266804,171720,586188,266928,171760,230024515,MOT_R,MOS_R
720575940622831740,720575940622361270,69,471700,250656,204400,471716,250768,204360,149132433,VS3_L,MOS_L
720575940630367131,720575940610381525,147,597800,293368,188080,597892,293296,188040,66852076,HSN_R,MOT_R
720575940641812699,720575940625565448,113,753040,206008,227440,753044,205960,227480,243368962,VS3_R,VS2_R
720575940625565448,720575940608023497,141,721488,198956,222040,721488,199336,222080,199103763,VS2_R,VS1_R
720575940622831740,720575940631221303,70,326456,279380,253480,326404,279416,253560,118254586,VS3_L,VS2_L
720575940631221303,720575940622361270,145,471804,262300,205560,471776,262408,205560,30793117,VS2_L,MOS_L
720575940610381525,720575940622168052,71,619920,271672,200640,619844,271688,200640,170135351,MOT_R,MOS_R
720575940622168052,720575940610381525,134,587112,267960,176080,587080,268040,176040,239401841,MOS_R,MOT_R
720575940625565448,720575940608023497,152,734152,237408,215680,734100,237508,215680,16309754,VS2_R,VS1_R
720575940622831740,720575940622361270,115,495636,230736,187520,495556,230620,187560,67264254,VS3_L,MOS_L
720575940608023497,720575940625565448,83,717464,205720,221640,717412,205776,221640,233547137,VS1_R,VS2_R
720575940629153020,720575940618519710,149,441408,274732,209120,441568,274748,209120,13093174,HSE_L,MOT_L
720575940629153020,720575940622361270,67,451032,298068,205440,451032,298164,205440,30205636,HSE_L,MOS_L
720575940629148007,720575940610381525,146,611012,303360,191000,611080,303456,190960,62090282,HSE_R,MOT_R
720575940626477498,720575940631221303,143,305760,202256,248640,305784,202392,248640,77996063,VS1_L,VS2_L
720575940631221303,720575940622361270,146,489988,232544,192040,489844,232444,192040,57415777,VS2_L,MOS_L
720575940641812699,720575940622168052,62,577092,243940,188680,577064,243832,188680,173270906,VS3_R,MOS_R
720575940629153020,720575940618519710,130,436624,271156,211680,436732,271096,211720,197945751,HSE_L,MOT_L
720575940626477498,720575940631221303,145,317652,304224,249280,317604,304044,249240,49438994,VS1_L,VS2_L
720575940631221303,720575940622831740,87,299040,236932,259040,299128,236988,259040,35748782,VS2_L,VS3_L
720575940622168052,720575940610381525,68,612320,272268,200960,612448,272312,200960,170108117,MOS_R,MOT_R
720575940622361270,720575940618519710,165,454216,272172,200280,454312,272168,200240,170115521,MOS_L,MOT_L
720575940629153020,720575940618519710,123,444640,274972,198640,444568,275092,198640,3300837,HSE_L,MOT_L
720575940622312965,720575940618519710,116,445424,274736,200480,445504,274732,200440,171191282,HSS_L,MOT_L
720575940622361270,720575940618519710,174,468856,258472,189360,468932,258336,189320,175519892,MOS_L,MOT_L
720575940622312965,720575940618519710,138,444596,272828,203440,444736,272824,203480,149503308,HSS_L,MOT_L
720575940628031249,720575940618519710,129,442468,282664,206400,442400,282772,206360,30113462,HSN_L,MOT_L
720575940628031249,720575940618519710,84,433044,269216,207040,432912,269100,207120,130695357,HSN_L,MOT_L
720575940630367131,720575940610381525,152,587264,279960,183680,587192,279832,183680,166156648,HSN_R,MOT_R
720575940622168052,720575940610381525,64,615220,299840,194680,615328,299808,194640,196299981,MOS_R,MOT_R
720575940625565448,720575940608023497,76,728448,212080,220560,728440,211984,220600,234450896,VS2_R,VS1_R
720575940622168052,720575940610381525,141,628728,292996,185920,628628,292888,185960,184123953,MOS_R,MOT_R
720575940618519710,720575940622361270,78,470212,256888,187840,470148,256832,187840,68497027,MOT_L,MOS_L
720575940618519710,720575940622361270,117,468564,249696,170800,468520,249760,170760,162070517,MOT_L,MOS_L
720575940631221303,720575940626477498,129,316968,305224,249760,316980,305312,249760,49664416,VS2_L,VS1_L
720575940630367131,720575940610381525,151,598472,296968,191600,598608,296976,191600,56598683,HSN_R,MOT_R
720575940608023497,720575940625565448,110,717328,205868,222000,717328,205780,222000,199146317,VS1_R,VS2_R
720575940626477498,720575940631221303,68,311492,187396,248480,311428,187432,248520,77872646,VS1_L,VS2_L
720575940622831740,720575940631221303,147,303300,239448,259240,303380,239424,259240,35767095,VS3_L,VS2_L
720575940622831740,720575940623650684,144,324388,273888,256600,324536,274008,256560,81448089,VS3_L,VS4_L
720575940622831740,720575940623650684,147,300912,222268,259680,301008,222228,259600,35694948,VS3_L,VS4_L
720575940629153020,720575940628031249,114,286812,245364,239160,286864,245392,239160,47849714,HSE_L,HSN_L
720575940630367131,720575940629148007,62,773160,262832,203320,773188,262728,203360,149411911,HSN_R,HSE_R
720575940630367131,720575940632950585,144,585640,281788,168720,585584,281672,168720,3989545,HSN_R,HSS_R
720575940659799937,720575940629148007,143,743256,205488,208720,743200,205540,208720,11223739,VS4_R,HSE_R
720575940659799937,720575940629148007,140,747732,205928,205840,747616,206008,205880,29988354,VS4_R,HSE_R
720575940630367131,720575940632950585,79,771248,235728,210400,771320,235688,210400,64429481,HSN_R,HSS_R
720575940630367131,720575940629148007,127,765060,248044,199840,764960,247980,199840,2502472,HSN_R,HSE_R
720575940629148007,720575940630367131,62,776520,259200,207600,776464,259172,207640,131959758,HSE_R,HSN_R
720575940630367131,720575940629148007,148,763472,247844,199760,763392,247776,199760,2498743,HSN_R,HSE_R
720575940630367131,720575940629148007,75,764288,247320,200080,764236,247164,200080,170435325,HSN_R,HSE_R
720575940629153020,720575940628031249,76,286620,245464,239240,286760,245504,239200,47849722,HSE_L,HSN_L
720575940630367131,720575940629148007,131,771444,277124,204360,771432,277032,204400,148528536,HSN_R,HSE_R
720575940622312965,720575940628031249,136,290656,229656,239200,290604,229548,239200,48434032,HSS_L,HSN_L
720575940630367131,720575940632950585,134,585480,281768,169200,585404,281660,169160,3989607,HSN_R,HSS_R
720575940622312965,720575940628031249,111,439868,281752,204600,439908,281852,204600,149119548,HSS_L,HSN_L
720575940630367131,720575940629148007,64,773212,262912,203200,773168,262828,203160,187799272,HSN_R,HSE_R
720575940629148007,720575940659799937,138,749400,235764,203040,749340,235736,203040,186259789,HSE_R,VS4_R
720575940629153020,720575940628031249,142,299852,225124,241160,299900,225060,241160,177642894,HSE_L,HSN_L
720575940628031249,720575940629153020,155,335696,215824,252640,335640,215948,252600,118033448,HSN_L,HSE_L
720575940629153020,720575940628031249,126,329872,208604,250200,329948,208504,250200,49801565,HSE_L,HSN_L
720575940629153020,720575940628031249,57,327036,217968,249240,326932,217984,249280,49484393,HSE_L,HSN_L
720575940630367131,720575940629148007,51,745716,247304,204400,745740,247168,204320,148685131,HSN_R,HSE_R
720575940629148007,720575940630367131,129,777248,259416,207040,777256,259520,207000,131959595,HSE_R,HSN_R
